patient_id,address,blood_type,closest_hospital,community,country,date_of_birth,first_name,gender,has_children,has_dependent,height_cm,language,marital_status,national_id_number,num_of_children,num_of_dependents,post_code,preferred_language,purpose_of_visit,state,sur_name,title,user_id,weight,hospital_id
1,Ap #266-429 Velit St.,AB+,Blue Cross Hospital,suburban,nigeria,4/13/2009,ACRA,Female,Yes,Yes,190,english,Married,3674400619,2,2,10201,english,medical examination,Lagos,SMITH,Mrs.,1,69,1
2,315-4283 Nam Street,O-,Krown Hospital,suburban,nigeria,7/8/2011,ADOLPH,Male,Yes,Yes,164,english,Married,5885357203,4,2,12224,english,medical examination,Lagos,NEILON,Mr.,2,80,1
3,921-1491 Nonummy Ave,A-,Ave Maria Hospital,suburban,nigeria,12/30/2000,ANKI,Male,Yes,Yes,237,english,Divorced,5618717297,1,3,53510,english,medical examination,Lagos,HENDRI,Mr.,3,67,1
4,Ap #299-4324 Mauris Avenue,O-,Isolo General Hospital,urban,nigeria,9/15/1987,GARBO,Male,No,Yes,189,english,Divorced,6419329397,1,3,25193,english,medical examination,Lagos,SHARRON,Mr.,4,74,1
5,"P.O. Box 913, 6976 Magnis Rd.",O-,Lagoon Hospitals,rural,nigeria,10/10/2002,ADONAI,Female,No,Yes,174,english,Single,6620378740,0,1,37171,english,medical examination,Lagos,NEIVA,Ms.,5,62,1
6,6676 Tristique Street,A+,Reddington Hospital,rural,nigeria,8/16/1983,ANKUR,Male,Yes,Yes,174,english,Single,5886559716,0,1,30132,english,consultation,Lagos,HENDRY,Mr.,6,66,1
7,896-4316 Tempus Rd.,A-,Krown Hospital,rural,nigeria,7/5/2005,GARDENIA,Male,No,Yes,252,english,Divorced,6568253597,2,4,28701,english,consultation,Lagos,SHARUKH,Mr.,7,71,1
8,967-2326 Orci Rd.,A-,St. Nicholas Hospital,rural,nigeria,1/9/1992,ADONIJAH,Male,No,Yes,148,english,Married,6766439365,2,4,31496,english,medical examination,Lagos,NEKA,Mr.,8,85,1
9,351-6015 Metus Rd.,AB-,National Orthopaedic Hospital,rural,nigeria,5/9/2002,ANN,Male,No,No,208,english,Single,5516645313,1,1,34432,english,medical examination,Lagos,HENGKY,Mr.,9,72,1
10,"Ap #635-6634 Pede, Av.",AB+,Mercy Stripes Specialist Hospital,rural,nigeria,12/2/1999,GARDY,Female,No,No,210,english,Divorced,7372393498,4,3,16093,english,consultation,Lagos,SHASHA,Ms.,10,95,1
11,1677 Enim Rd.,O-,Ikorodu General Hospital,rural,nigeria,9/6/2008,ADORA,Male,No,Yes,189,english,Married,7665914642,2,2,33447,english,medical examination,Lagos,NEKIA,Mr.,11,73,1
12,"P.O. Box 935, 7661 Morbi Street",AB-,Maryiam Ville Medical Center,suburban,nigeria,4/27/1996,ANNABELLA,Male,No,Yes,210,english,Divorced,6913884406,4,3,52972,english,consultation,Lagos,HENNESSEY,Mr.,12,91,1
13,569-7960 Integer Ave,A-,Blue Cross Hospital,rural,nigeria,2/23/2007,GARETH,Female,Yes,No,188,english,Single,6278321948,1,0,26682,english,consultation,Lagos,SHASHWAT,Ms.,13,76,1
14,615-5113 Cum St.,AB-,Isalu Hospitals,rural,nigeria,9/15/1987,ADREAN,Male,No,No,131,english,Married,5360606395,1,1,30268,english,medical examination,Lagos,NEKO,Mr.,14,73,1
15,618-3434 Sagittis Av.,O+,National Orthopaedic Hospital,rural,nigeria,9/3/1983,ANNA-KAY,Female,Yes,Yes,161,english,Single,6043277003,1,1,22462,english,medical examination,Lagos,HENNY,Ms.,15,68,1
16,405-9892 Ultrices Rd.,AB-,Reddington Hospital,urban,nigeria,11/22/1984,GARGI,Male,No,No,185,english,Single,7484593386,1,1,5162,english,consultation,Lagos,SHATARA,Mr.,16,75,1
17,Ap #561-9293 Sociis St.,B-,Isolo General Hospital,suburban,nigeria,11/11/1991,ADRI,Male,Yes,Yes,149,english,Single,4970696508,1,0,9394,english,consultation,Lagos,NELANI,Mr.,17,71,1
18,"Ap #381-3175 Sed, Street",B+,St. Nicholas Hospital,suburban,nigeria,5/18/2010,ANNA-LENA,Female,Yes,Yes,175,english,Married,6452165620,1,3,16048,english,medical examination,Lagos,HENRIETTA,Mrs.,18,81,1
19,"Ap #230-5566 Amet, St.",AB-,Lagoon Hospitals,suburban,nigeria,2/18/2010,GARNER,Female,No,Yes,216,english,Married,6411171064,4,1,37235,english,medical examination,Lagos,SHATEEK,Mrs.,19,67,1
20,"P.O. Box 967, 4885 Nunc Avenue",O+,Ifako-Ijaiye General Hospital,rural,nigeria,6/14/1991,ADRIANA,Female,No,Yes,139,english,Divorced,7584059027,4,3,43216,english,medical examination,Lagos,NELI,Ms.,20,96,1
21,Ap #266-429 Velit St.,AB+,Badagry General Hospital,suburban,nigeria,4/24/2003,ANNA-LISA,Female,No,Yes,135,english,Divorced,6725918844,2,2,9139,english,medical examination,Lagos,HENRIQUE,Ms.,21,98,1
22,315-4283 Nam Street,AB-,Krown Hospital,urban,nigeria,7/30/2002,GARNETTE,Male,Yes,Yes,230,english,Married,5644304107,3,2,18627,english,consultation,Lagos,SHATERA,Mr.,22,64,1
23,921-1491 Nonummy Ave,O-,Creek Hospital,urban,nigeria,5/11/2005,ADRIANNA,Female,Yes,No,233,english,Single,3712588992,1,0,18232,english,consultation,Lagos,NELINI,Ms.,23,62,1
24,Ap #299-4324 Mauris Avenue,B-,Maryiam Ville Medical Center,rural,nigeria,5/19/1991,ANNAMAE,Female,Yes,No,209,english,Divorced,6049301675,2,4,29340,english,medical examination,Lagos,HENY,Ms.,24,70,1
25,"P.O. Box 913, 6976 Magnis Rd.",AB+,Reddington Hospital,urban,nigeria,1/21/1995,GARRETH,Male,No,Yes,232,english,Divorced,3401548469,2,4,47376,english,medical examination,Lagos,SHATIK,Mr.,25,73,1
26,6676 Tristique Street,B+,National Orthopaedic Hospital,suburban,nigeria,7/16/2003,ADRIATIK,Female,No,Yes,225,english,Married,3812968249,1,4,20467,english,consultation,Lagos,NELL,Mrs.,26,94,1
27,896-4316 Tempus Rd.,AB-,Adefemi Hospital,rural,nigeria,2/16/1998,ANNAMARIE,Female,Yes,No,138,english,Married,7545912248,2,1,43467,english,consultation,Lagos,HERA,Mrs.,27,94,1
28,967-2326 Orci Rd.,O+,National Orthopaedic Hospital,urban,nigeria,4/22/1993,GARRICK,Male,No,Yes,235,english,Married,5118089877,3,2,23077,english,medical examination,Lagos,SHATISHA,Mr.,28,89,1
29,351-6015 Metus Rd.,B+,St. Nicholas Hospital,rural,nigeria,11/5/2010,ADRIELLE,Male,No,No,250,english,Divorced,3252959957,1,1,36681,english,reserved consultation,Lagos,NELLI,Mr.,29,86,1
30,"Ap #635-6634 Pede, Av.",O-,First Consultant Hospital,suburban,nigeria,12/3/2010,ANNASTASIA,Male,Yes,Yes,134,english,Married,3656225938,3,4,51167,english,medical examination,Lagos,HERARD,Mr.,30,73,1
31,1677 Enim Rd.,B+,St. Nicholas Hospital,suburban,nigeria,5/12/2005,GARRY,Male,Yes,No,232,english,Single,3836755876,1,1,31792,english,medical examination,Lagos,SHAUGHN,Mr.,31,73,1
32,"P.O. Box 935, 7661 Morbi Street",A+,Blue Cross Hospital,urban,nigeria,6/30/1985,ADRIENE,Female,No,No,227,english,Single,5047325658,1,1,9848,english,consultation,Lagos,NELLY,Ms.,32,79,1
33,569-7960 Integer Ave,AB+,Krown Hospital,rural,nigeria,2/25/1993,ANNE,Male,No,Yes,243,english,Single,6925461788,1,1,40557,english,consultation,Lagos,HERBIE,Mr.,33,64,1
34,615-5113 Cum St.,O+,Ifako-Ijaiye General Hospital,urban,nigeria,12/20/1985,GARVENS,Male,No,No,251,english,Married,4290227534,3,1,30280,english,medical examination,Lagos,SHAUNA,Mr.,34,90,1
35,618-3434 Sagittis Av.,O-,Blue Cross Hospital,rural,nigeria,12/2/2009,ADRION,Female,No,Yes,242,english,Single,3719533442,1,0,56495,english,consultation,Lagos,NELSI,Ms.,35,93,1
36,405-9892 Ultrices Rd.,O-,First Consultant Hospital,urban,nigeria,11/7/2002,ANNEKE,Male,Yes,No,249,english,Married,4432434934,4,3,51605,english,consultation,Lagos,HERI,Mr.,36,86,1
37,Ap #561-9293 Sociis St.,B+,Isolo General Hospital,urban,nigeria,5/27/2007,GARY,Female,No,Yes,230,english,Divorced,5772623229,4,2,40301,english,consultation,Lagos,SHAUNDA,Ms.,37,60,1
38,"Ap #381-3175 Sed, Street",A-,First Consultant Hospital,urban,nigeria,5/2/2000,ADUNNI,Male,Yes,No,210,english,Married,3598610687,3,2,56784,english,medical examination,Lagos,NELSY,Mr.,38,92,1
39,"Ap #230-5566 Amet, St.",AB+,Blue Cross Hospital,urban,nigeria,1/14/1987,ANNELI,Female,Yes,No,225,english,Single,5598321176,0,1,43155,english,reserved consultation,Lagos,HERMAN,Ms.,39,76,1
40,"P.O. Box 967, 4885 Nunc Avenue",AB+,Adefemi Hospital,suburban,nigeria,6/6/1993,GASPARE,Male,No,No,194,english,Married,5852279449,3,2,8083,english,reserved consultation,Lagos,SHAUNDRA,Mr.,40,81,1
41,Ap #266-429 Velit St.,B-,Lagoon Hospitals,suburban,nigeria,12/21/1992,ADY,Male,No,Yes,190,english,Married,3413588317,4,1,7882,english,consultation,Lagos,NEMA,Mr.,41,63,1
42,315-4283 Nam Street,O+,Duchess International Hospital,rural,nigeria,1/4/2000,ANNELISE,Female,No,No,203,english,Single,3714590350,1,0,43877,english,consultation,Lagos,HERMES,Ms.,42,76,1
43,921-1491 Nonummy Ave,AB+,Duchess International Hospital,rural,nigeria,6/25/2008,GATA,Male,Yes,Yes,155,english,Divorced,6010071186,4,1,48540,english,medical examination,Lagos,SHAUNELL,Mr.,43,90,1
44,Ap #299-4324 Mauris Avenue,AB+,Badagry General Hospital,urban,nigeria,10/25/1998,AEISHA,Male,No,Yes,213,english,Single,4041765374,1,1,17349,english,reserved consultation,Lagos,NENA,Mr.,44,60,1
45,"P.O. Box 913, 6976 Magnis Rd.",O-,Ikorodu General Hospital,urban,nigeria,5/9/1997,ANNEMARIE,Female,Yes,No,251,english,Divorced,3356469430,2,1,37949,english,medical examination,Lagos,HERMINIO,Ms.,45,70,1
46,6676 Tristique Street,AB+,Isolo General Hospital,suburban,nigeria,10/5/1989,GATO,Female,Yes,Yes,234,english,Divorced,7234435445,4,2,11145,english,medical examination,Lagos,SHAUNETTE,Ms.,46,101,1
47,896-4316 Tempus Rd.,B-,Mercy Stripes Specialist Hospital,rural,nigeria,10/17/1994,AESHA,Male,No,Yes,248,english,Married,7534447774,4,3,32571,english,reserved consultation,Lagos,NENETTE,Mr.,47,101,1
48,967-2326 Orci Rd.,A+,National Orthopaedic Hospital,suburban,nigeria,1/1/1994,ANNEMIEKE,Female,No,Yes,165,english,Single,3344122218,0,1,53038,english,consultation,Lagos,HERNANDEZ,Ms.,48,86,1
49,351-6015 Metus Rd.,B-,Ifako-Ijaiye General Hospital,rural,nigeria,3/20/2011,GAURAV,Male,No,Yes,243,english,Single,7588826194,0,0,27163,english,reserved consultation,Lagos,SHAUNTA,Mr.,49,65,1
50,"Ap #635-6634 Pede, Av.",O-,Isolo General Hospital,urban,nigeria,1/16/2007,AFEISHA,Male,No,No,138,english,Married,5228738323,4,2,44962,english,consultation,Lagos,NEO,Mr.,50,95,1
51,1677 Enim Rd.,O+,St. Nicholas Hospital,suburban,nigeria,12/29/2011,ANNE-SOPHIE,Male,Yes,Yes,200,english,Single,5028247305,1,1,23094,english,consultation,Lagos,HERO,Mr.,51,71,1
52,"P.O. Box 935, 7661 Morbi Street",AB+,First Consultant Hospital,rural,nigeria,9/15/2001,GAUTHAM,Male,No,Yes,142,english,Married,7284010292,1,4,16134,english,medical examination,Lagos,SHAUNTE,Mr.,52,93,1
53,569-7960 Integer Ave,A+,Mercy Stripes Specialist Hospital,urban,nigeria,9/17/2002,AFIA,Female,No,No,183,english,Single,7727603551,1,0,48685,english,medical examination,Lagos,NEPHI,Ms.,53,70,1
54,615-5113 Cum St.,O-,Mercy Stripes Specialist Hospital,urban,nigeria,2/20/1997,ANNETTE,Female,Yes,No,131,english,Married,7012970743,1,4,14016,english,medical examination,Lagos,HERRY,Mrs.,54,86,1
55,618-3434 Sagittis Av.,O-,Isolo General Hospital,urban,nigeria,11/7/2003,GAVO,Male,No,Yes,205,english,Single,4003183753,0,0,30675,english,medical examination,Lagos,SHAUNTELL,Mr.,55,87,1
56,405-9892 Ultrices Rd.,AB-,First Consultant Hospital,rural,nigeria,4/6/2012,AFONSO,Male,No,No,159,english,Married,4612236952,1,2,38980,english,consultation,Lagos,NEREYDA,Mr.,56,72,1
57,Ap #561-9293 Sociis St.,A-,Ave Maria Hospital,urban,nigeria,12/21/1998,ANNICA,Female,No,No,154,english,Married,6455668808,1,2,53933,english,medical examination,Lagos,HERSHEL,Mrs.,57,63,1
58,"Ap #381-3175 Sed, Street",AB+,Creek Hospital,urban,nigeria,7/10/1988,GRAY,Female,Yes,No,147,english,Married,5747163994,2,2,44542,english,reserved consultation,Lagos,SHAVA,Mrs.,58,102,1
59,"Ap #230-5566 Amet, St.",B-,Ikorodu General Hospital,suburban,nigeria,12/14/1984,AFRIKAN,Female,Yes,No,150,english,Single,5882878255,0,0,29847,english,consultation,Lagos,NERISSA,Ms.,59,65,1
60,"P.O. Box 967, 4885 Nunc Avenue",A-,Krown Hospital,urban,nigeria,10/1/2005,ANNIKA,Female,No,Yes,260,english,Single,3596256485,0,1,29457,english,medical examination,Lagos,HERSON,Ms.,60,80,1
61,Ap #208-168 Lorem. Rd.,O-,Ave Maria Hospital,rural,nigeria,4/3/2011,GAYATRI,Female,No,Yes,218,english,Divorced,6389920711,2,4,44044,english,consultation,Lagos,SHAVAUGHN,Ms.,61,102,1
62,"P.O. Box 181, 833 Pede. Ave",B+,St. Nicholas Hospital,urban,nigeria,11/20/1985,AFRON,Male,Yes,No,176,english,Divorced,4648562333,4,2,43084,english,consultation,Lagos,NERO,Mr.,62,85,1
63,Ap #131-8580 Morbi Avenue,O-,Lagoon Hospitals,suburban,nigeria,3/23/2006,ANNISIA,Male,No,No,143,english,Single,6979901003,1,0,14014,english,consultation,Lagos,HERU,Mr.,63,97,1
64,"P.O. Box 564, 3418 Hendrerit Road",B-,Ave Maria Hospital,rural,nigeria,10/11/1996,GAYLORD,Male,Yes,No,189,english,Divorced,6924314670,3,4,37692,english,medical examination,Lagos,SHAVON,Mr.,64,74,1
65,Ap #563-7565 Eu Rd.,A-,Ave Maria Hospital,urban,nigeria,10/14/1993,AFSER,Male,Yes,No,149,english,Married,7265272530,2,3,11240,english,consultation,Lagos,NERY,Mr.,65,74,1
66,Ap #600-9268 Aliquam St.,O+,Badagry General Hospital,urban,nigeria,10/28/1985,ANN-MARIE,Male,Yes,Yes,244,english,Divorced,5375162496,2,1,42432,english,medical examination,Lagos,HERY,Mr.,66,89,1
67,Ap #592-270 Commodo St.,O+,Reddington Hospital,rural,nigeria,2/26/1994,GAZA,Male,No,No,201,english,Divorced,4124975683,1,3,21454,english,medical examination,Lagos,SHAVONNE,Mr.,67,92,1
68,"Ap #998-3606 Placerat, Avenue",O-,St. Nicholas Hospital,suburban,nigeria,6/5/2012,AFSHIN,Male,Yes,No,174,english,Married,5511487256,2,4,26104,english,medical examination,Lagos,NESHA,Mr.,68,83,1
69,Ap #382-1771 Dictum Road,B+,Duchess International Hospital,urban,nigeria,12/24/2002,ANOOP,Male,Yes,Yes,188,english,Divorced,4049534602,1,1,12258,english,consultation,Lagos,HESKY,Mr.,69,100,1
70,644-2340 Mauris Street,A+,National Orthopaedic Hospital,urban,nigeria,4/14/1997,GAZMIR,Female,Yes,No,233,english,Divorced,6381863093,3,4,12800,english,reserved consultation,Lagos,SHAWANDA,Ms.,70,66,1
71,Ap #833-7887 Pede. St.,B+,First Consultant Hospital,rural,nigeria,4/16/1996,AFZAL,Female,Yes,No,198,english,Married,4443446048,2,4,41823,english,consultation,Lagos,NESRIN,Mrs.,71,71,1
72,997-4237 Ullamcorper. Rd.,AB+,Ikorodu General Hospital,rural,nigeria,11/14/2010,ANOUCK,Female,No,Yes,183,english,Married,5299670048,3,2,48099,english,reserved consultation,Lagos,HEZEKIAH,Mrs.,72,73,1
73,Ap #819-8703 Egestas. St.,B+,Isalu Hospitals,suburban,nigeria,9/30/2001,GE,Male,No,Yes,236,english,Divorced,6214783157,2,2,9101,english,medical examination,Lagos,SHAWNA,Mr.,73,89,1
74,"Ap #117-3802 A, Av.",B-,Ifako-Ijaiye General Hospital,rural,nigeria,5/20/2007,AGAM,Male,No,Yes,242,english,Married,4997761748,2,4,10195,english,medical examination,Lagos,NESSIE,Mr.,74,99,1
75,Ap #130-5959 Fusce St.,AB+,Reddington Hospital,urban,nigeria,10/17/1998,ANOWAR,Male,No,No,173,english,Single,4987493284,1,1,8914,english,medical examination,Lagos,HIBA,Mr.,75,80,1
76,Ap #266-429 Velit St.,AB-,Lagoon Hospitals,suburban,nigeria,11/23/2007,GEANINE,Male,No,No,169,english,Divorced,3676815152,3,3,5223,english,consultation,Lagos,SHAWNDA,Mr.,76,68,1
77,315-4283 Nam Street,B+,Mercy Stripes Specialist Hospital,suburban,nigeria,10/8/1992,AGATHA,Female,Yes,No,212,english,Single,3798222651,0,0,30077,english,reserved consultation,Lagos,NET,Ms.,77,88,1
78,921-1491 Nonummy Ave,A+,Creek Hospital,suburban,nigeria,3/12/1995,ANSAR,Female,No,Yes,199,english,Married,4424575157,2,1,40705,english,medical examination,Lagos,HIDALGO,Mrs.,78,85,1
79,Ap #299-4324 Mauris Avenue,A+,St. Nicholas Hospital,urban,nigeria,10/18/1987,GEDDES,Female,No,Yes,189,english,Married,5717571596,1,2,18664,english,medical examination,Lagos,SHAWNEEN,Mrs.,79,62,1
80,"P.O. Box 913, 6976 Magnis Rd.",AB+,Ikorodu General Hospital,rural,nigeria,5/16/2008,AGGREY,Male,Yes,Yes,136,english,Divorced,7096799940,1,3,41512,english,consultation,Lagos,NETFA,Mr.,80,65,1
81,6676 Tristique Street,A-,Isolo General Hospital,suburban,nigeria,11/4/1995,ANSELM,Male,Yes,Yes,240,english,Single,4512847280,0,0,36545,english,consultation,Lagos,HIDEOUT,Mr.,81,78,1
82,896-4316 Tempus Rd.,B+,Duchess International Hospital,rural,nigeria,4/13/1999,GEENA,Male,Yes,No,202,english,Married,5619078389,1,4,36492,english,consultation,Lagos,SHAWNETTE,Mr.,82,78,1
83,967-2326 Orci Rd.,AB-,National Orthopaedic Hospital,urban,nigeria,2/6/2011,AGNE,Female,Yes,Yes,223,english,Single,5906336522,1,0,16166,english,reserved consultation,Lagos,NEUMAN,Ms.,83,76,1
84,351-6015 Metus Rd.,A-,St. Nicholas Hospital,rural,nigeria,7/9/1987,ANSHU,Female,No,Yes,260,english,Divorced,7253529389,1,4,13329,english,medical examination,Lagos,HIEU,Ms.,84,94,1
85,"Ap #635-6634 Pede, Av.",A+,Isalu Hospitals,suburban,nigeria,3/16/1983,GEETHA,Female,No,No,217,english,Divorced,4464908727,4,2,19314,english,consultation,Lagos,SHAWNTA,Ms.,85,92,1
86,1677 Enim Rd.,B+,Maryiam Ville Medical Center,suburban,nigeria,8/21/1989,AGNÃˆS,Female,Yes,No,165,english,Married,6798027443,1,1,25182,english,medical examination,Lagos,NEVA,Mrs.,86,62,1
87,"P.O. Box 935, 7661 Morbi Street",O+,Krown Hospital,suburban,nigeria,3/19/1988,ANSIL,Male,Yes,Yes,142,english,Married,7647913934,4,3,51779,english,reserved consultation,Lagos,HIJIRI,Mr.,87,85,1
88,569-7960 Integer Ave,AB+,Isolo General Hospital,suburban,nigeria,9/5/1983,GEGE,Male,No,Yes,135,english,Divorced,7212209225,3,4,15917,english,medical examination,Lagos,SHAWNTE,Mr.,88,80,1
89,615-5113 Cum St.,B+,National Orthopaedic Hospital,rural,nigeria,10/25/1984,AGRON,Female,No,Yes,139,english,Married,5535881052,4,4,49415,english,consultation,Lagos,NEVENA,Mrs.,89,93,1
90,618-3434 Sagittis Av.,B+,First Consultant Hospital,suburban,nigeria,5/26/2006,ANSON,Male,Yes,Yes,233,english,Married,7251215278,1,1,46089,english,reserved consultation,Lagos,HIKMET,Mr.,90,61,1
91,405-9892 Ultrices Rd.,B+,Creek Hospital,suburban,nigeria,9/21/1990,GELISA,Male,Yes,No,207,english,Married,5901310111,3,3,41191,english,reserved consultation,Lagos,SHAWNTIA,Mr.,91,72,1
92,Ap #561-9293 Sociis St.,AB-,Badagry General Hospital,rural,nigeria,1/10/2009,AGUSTINA,Male,No,No,230,english,Divorced,3924922402,4,4,45830,english,consultation,Lagos,NEVILLE,Mr.,92,77,1
93,"Ap #381-3175 Sed, Street",B-,National Orthopaedic Hospital,rural,nigeria,7/10/2012,ANTARES,Male,No,Yes,181,english,Divorced,7134815597,2,1,5519,english,consultation,Lagos,HILARIE,Mr.,93,82,1
94,"Ap #230-5566 Amet, St.",B+,Blue Cross Hospital,suburban,nigeria,11/22/2006,GEM,Female,No,No,234,english,Divorced,7332039640,4,3,48635,english,medical examination,Lagos,SHAYA,Ms.,94,78,1
95,"P.O. Box 967, 4885 Nunc Avenue",AB-,Duchess International Hospital,rural,nigeria,2/19/2010,AGYEI,Male,No,Yes,151,english,Single,5593795296,0,1,9938,english,medical examination,Lagos,NEW,Mr.,95,86,1
96,Ap #266-429 Velit St.,B-,National Orthopaedic Hospital,suburban,nigeria,1/26/1993,ANTE,Male,No,No,198,english,Married,4735874042,3,3,13009,english,consultation,Lagos,HILDA,Mr.,96,61,1
97,315-4283 Nam Street,O+,Lagoon Hospitals,suburban,nigeria,5/19/2008,GEMMA,Male,Yes,No,260,english,Married,3332549314,2,3,38995,english,consultation,Lagos,SHAYLA,Mr.,97,60,1
98,921-1491 Nonummy Ave,A+,Duchess International Hospital,suburban,nigeria,4/12/2000,AHAD,Female,Yes,Yes,213,english,Single,3625396642,0,1,22468,english,consultation,Lagos,NEWMONEY,Ms.,98,60,1
99,Ap #299-4324 Mauris Avenue,O-,St. Nicholas Hospital,urban,nigeria,2/2/2008,ANTHE,Female,No,No,157,english,Divorced,3917542692,2,2,6029,english,consultation,Lagos,HILDY,Ms.,99,78,1
100,"P.O. Box 913, 6976 Magnis Rd.",A-,Isolo General Hospital,suburban,nigeria,8/12/1993,LEROY,Female,Yes,No,176,english,Divorced,7295258791,4,3,53500,english,medical examination,Lagos,SENEL,Ms.,100,91,1
101,6676 Tristique Street,AB-,Isalu Hospitals,rural,nigeria,3/2/1987,SHASHWAT,Female,No,No,146,english,Married,3795644054,2,1,52514,english,consultation,Lagos,ANNELISE,Mrs.,101,68,1
102,896-4316 Tempus Rd.,AB+,Ifako-Ijaiye General Hospital,urban,nigeria,9/11/2002,NEKO,Male,No,Yes,190,english,Divorced,6485838427,3,3,43031,english,reserved consultation,Lagos,GATA,Mr.,102,60,1
103,967-2326 Orci Rd.,O-,Ifako-Ijaiye General Hospital,suburban,nigeria,2/15/2007,HENNY,Male,Yes,No,234,english,Divorced,3540970440,4,1,30851,english,medical examination,Lagos,AEISHA,Mr.,103,89,1
104,351-6015 Metus Rd.,O-,Maryiam Ville Medical Center,rural,nigeria,3/29/2001,SHATARA,Male,No,No,175,english,Married,4635568544,3,4,50448,english,reserved consultation,Lagos,ANNEMARIE,Mr.,104,75,1
105,"Ap #635-6634 Pede, Av.",B-,National Orthopaedic Hospital,urban,nigeria,3/2/1997,NELANI,Male,Yes,No,195,english,Married,6405955680,1,4,33879,english,consultation,Lagos,GATO,Mr.,105,60,1
106,1677 Enim Rd.,O-,Isolo General Hospital,suburban,nigeria,12/30/1987,HENRIETTA,Female,Yes,Yes,143,english,Divorced,4817337592,1,1,10632,english,medical examination,Lagos,AESHA,Ms.,106,92,1
107,"P.O. Box 935, 7661 Morbi Street",A-,First Consultant Hospital,urban,nigeria,9/26/2005,SHATEEK,Female,Yes,No,194,english,Divorced,7196614826,4,3,39435,english,consultation,Lagos,ANNEMIEKE,Ms.,107,93,1
108,569-7960 Integer Ave,AB-,Adefemi Hospital,urban,nigeria,4/18/2000,NELI,Male,No,No,171,english,Single,3764762328,1,1,22919,english,consultation,Lagos,GAURAV,Mr.,108,77,1
109,615-5113 Cum St.,AB-,Duchess International Hospital,urban,nigeria,11/7/2007,HENRIQUE,Male,No,No,229,english,Married,4890189709,2,4,12849,english,reserved consultation,Lagos,AFEISHA,Mr.,109,91,1
110,618-3434 Sagittis Av.,O+,Duchess International Hospital,rural,nigeria,11/25/2004,SHATERA,Female,Yes,Yes,197,english,Single,5160189380,0,1,10133,english,medical examination,Lagos,ANNE-SOPHIE,Ms.,110,84,1
111,405-9892 Ultrices Rd.,B-,First Consultant Hospital,rural,nigeria,2/10/2006,NELINI,Female,Yes,No,173,english,Single,5779970715,1,1,57620,english,consultation,Lagos,GAUTHAM,Ms.,111,90,1
112,Ap #561-9293 Sociis St.,B+,National Orthopaedic Hospital,rural,nigeria,1/29/2003,HENY,Male,Yes,Yes,223,english,Married,6909849363,4,1,30632,english,consultation,Lagos,AFIA,Mr.,112,60,1
113,"Ap #381-3175 Sed, Street",AB+,Maryiam Ville Medical Center,rural,nigeria,12/24/2006,SHATIK,Female,No,Yes,143,english,Married,4435191291,3,1,16356,english,medical examination,Lagos,ANNETTE,Mrs.,113,77,1
114,"Ap #230-5566 Amet, St.",O-,Isolo General Hospital,rural,nigeria,7/21/2000,NELL,Female,No,Yes,138,english,Divorced,4125652329,1,1,6430,english,medical examination,Lagos,GAVO,Ms.,114,65,1
115,"P.O. Box 967, 4885 Nunc Avenue",A-,Ave Maria Hospital,rural,nigeria,8/15/1986,HERA,Female,No,No,211,english,Divorced,6181198648,3,1,45392,english,consultation,Lagos,AFONSO,Ms.,115,78,1
116,Ap #266-429 Velit St.,O-,Isolo General Hospital,rural,nigeria,11/13/1989,SHATISHA,Female,Yes,Yes,198,english,Married,3785664380,2,4,5702,english,consultation,Lagos,ANNICA,Mrs.,116,80,1
117,315-4283 Nam Street,O-,Ifako-Ijaiye General Hospital,suburban,nigeria,11/8/1987,NELLI,Male,No,No,166,english,Divorced,4669746705,1,2,57804,english,reserved consultation,Lagos,GAY,Mr.,117,98,1
118,921-1491 Nonummy Ave,AB-,Badagry General Hospital,urban,nigeria,10/11/1990,HERARD,Male,Yes,No,135,english,Married,5185119714,1,2,49799,english,consultation,Lagos,AFRIKAN,Mr.,118,81,1
119,Ap #299-4324 Mauris Avenue,AB-,Badagry General Hospital,suburban,nigeria,12/17/1989,SHAUGHN,Female,No,No,201,english,Single,7690701857,1,0,55221,english,consultation,Lagos,ANNIKA,Ms.,119,92,1
120,"P.O. Box 913, 6976 Magnis Rd.",O-,St. Nicholas Hospital,suburban,nigeria,9/7/2006,NELLY,Female,No,Yes,202,english,Married,5779318641,1,2,38572,english,consultation,Lagos,GAYATRI,Mrs.,120,90,1
121,6676 Tristique Street,AB-,Creek Hospital,suburban,nigeria,11/22/1990,HERBIE,Male,Yes,No,242,english,Married,3377273773,2,2,28015,english,consultation,Lagos,AFRON,Mr.,121,96,1
122,896-4316 Tempus Rd.,B+,Reddington Hospital,suburban,nigeria,6/12/2003,SHAUNA,Female,Yes,No,178,english,Divorced,3497825689,4,3,35775,english,consultation,Lagos,ANNISIA,Ms.,122,96,1
123,967-2326 Orci Rd.,O-,Isolo General Hospital,rural,nigeria,12/1/1982,NELSI,Male,Yes,No,181,english,Divorced,6082695811,4,2,27556,english,consultation,Lagos,GAYLORD,Mr.,123,85,1
124,351-6015 Metus Rd.,AB-,Duchess International Hospital,suburban,nigeria,12/15/1997,HERI,Male,Yes,No,135,english,Divorced,4474933365,2,4,54477,english,medical examination,Lagos,AFSER,Mr.,124,62,1
125,"Ap #635-6634 Pede, Av.",B+,Ifako-Ijaiye General Hospital,urban,nigeria,6/30/1985,SHAUNDA,Female,Yes,Yes,196,english,Married,5903581614,3,1,28669,english,consultation,Lagos,ANN-MARIE,Mrs.,125,83,1
126,1677 Enim Rd.,O+,Ikorodu General Hospital,rural,nigeria,4/26/1988,NELSY,Male,Yes,Yes,149,english,Divorced,3705323074,3,3,53422,english,reserved consultation,Lagos,GAZA,Mr.,126,94,1
127,"P.O. Box 935, 7661 Morbi Street",O-,Krown Hospital,rural,nigeria,12/22/2004,HERMAN,Male,Yes,Yes,145,english,Single,6574035144,1,1,50005,english,consultation,Lagos,AFSHIN,Mr.,127,91,1
128,569-7960 Integer Ave,A-,Blue Cross Hospital,rural,nigeria,4/14/2000,SHAUNDRA,Female,Yes,Yes,140,english,Single,6799646979,0,0,49125,english,medical examination,Lagos,ANOOP,Ms.,128,74,1
129,615-5113 Cum St.,B-,Blue Cross Hospital,suburban,nigeria,6/13/2000,NEMA,Male,No,No,207,english,Married,5693717027,3,1,53343,english,medical examination,Lagos,GAZMIR,Mr.,129,83,1
130,618-3434 Sagittis Av.,O-,Adefemi Hospital,rural,nigeria,1/17/2002,HERMES,Male,No,No,155,english,Single,6917864115,0,0,43739,english,medical examination,Lagos,AFZAL,Mr.,130,61,1
131,405-9892 Ultrices Rd.,A-,National Orthopaedic Hospital,rural,nigeria,6/22/1990,SHAUNELL,Female,Yes,Yes,234,english,Divorced,5568805472,2,2,46460,english,medical examination,Lagos,ANOUCK,Ms.,131,66,1
132,Ap #561-9293 Sociis St.,A-,Isolo General Hospital,urban,nigeria,10/7/2002,NENA,Male,Yes,No,235,english,Married,7401885621,2,2,35119,english,medical examination,Lagos,GE,Mr.,132,84,1
133,"Ap #381-3175 Sed, Street",B+,Duchess International Hospital,urban,nigeria,6/18/2007,HERMINIO,Male,Yes,No,196,english,Married,4716052207,4,2,38875,english,consultation,Lagos,AGAM,Mr.,133,68,1
134,"Ap #230-5566 Amet, St.",AB-,Duchess International Hospital,urban,nigeria,2/17/2008,SHAUNETTE,Female,No,Yes,253,english,Single,6451407349,1,0,11010,english,medical examination,Lagos,ANOWAR,Ms.,134,101,1
135,"P.O. Box 967, 4885 Nunc Avenue",AB+,Maryiam Ville Medical Center,suburban,nigeria,9/30/1985,NENETTE,Female,No,Yes,243,english,Divorced,5601358168,4,1,18684,english,medical examination,Lagos,GEANINE,Ms.,135,68,1
136,Ap #208-168 Lorem. Rd.,AB-,St. Nicholas Hospital,rural,nigeria,1/5/1997,HERNANDEZ,Female,Yes,No,160,english,Married,6058166283,1,3,24164,english,consultation,Lagos,AGATHA,Mrs.,136,71,1
137,"P.O. Box 181, 833 Pede. Ave",O-,First Consultant Hospital,rural,nigeria,4/4/1983,SHAUNTA,Female,Yes,No,259,english,Divorced,4409736759,1,2,15638,english,reserved consultation,Lagos,ANSAR,Ms.,137,61,1
138,Ap #131-8580 Morbi Avenue,A+,Isalu Hospitals,suburban,nigeria,12/19/2007,NEO,Female,Yes,Yes,259,english,Single,6492220324,0,0,47253,english,consultation,Lagos,GEDDES,Ms.,138,94,1
139,"P.O. Box 564, 3418 Hendrerit Road",B+,Reddington Hospital,urban,nigeria,12/29/1989,HERO,Male,Yes,No,147,english,Married,4111518024,3,4,38011,english,medical examination,Lagos,AGGREY,Mr.,139,86,1
140,Ap #563-7565 Eu Rd.,A-,Duchess International Hospital,urban,nigeria,12/4/1986,SHAUNTE,Male,No,No,197,english,Single,4837339076,0,0,44295,english,consultation,Lagos,ANSELM,Mr.,140,89,1
141,Ap #600-9268 Aliquam St.,AB-,Mercy Stripes Specialist Hospital,suburban,nigeria,3/14/2010,NEPHI,Female,No,Yes,231,english,Single,7719338427,1,0,17568,english,consultation,Lagos,GEENA,Ms.,141,82,1
142,Ap #592-270 Commodo St.,A-,Isalu Hospitals,urban,nigeria,5/16/2001,HERRY,Female,No,No,169,english,Single,4660632002,0,1,55128,english,medical examination,Lagos,AGNE,Ms.,142,85,1
143,"Ap #998-3606 Placerat, Avenue",O+,Creek Hospital,suburban,nigeria,2/1/1994,SHAUNTELL,Female,Yes,No,218,english,Divorced,3760162199,1,4,38584,english,reserved consultation,Lagos,ANSHU,Ms.,143,63,1
144,Ap #382-1771 Dictum Road,AB-,Mercy Stripes Specialist Hospital,rural,nigeria,2/22/2006,NEREYDA,Male,Yes,No,192,english,Single,7447265103,0,0,20677,english,reserved consultation,Lagos,GEETHA,Mr.,144,62,1
145,644-2340 Mauris Street,A-,National Orthopaedic Hospital,suburban,nigeria,3/8/2012,HERSHEL,Female,Yes,Yes,134,english,Married,3821952372,4,3,4729,english,consultation,Lagos,AGNÃˆS,Mrs.,145,76,1
146,Ap #833-7887 Pede. St.,A-,First Consultant Hospital,rural,nigeria,12/20/2002,SHAVA,Female,Yes,Yes,142,english,Single,4771794432,1,0,33644,english,consultation,Lagos,ANSIL,Ms.,146,90,1
147,997-4237 Ullamcorper. Rd.,A-,Blue Cross Hospital,rural,nigeria,12/23/1991,NERISSA,Female,No,No,183,english,Divorced,5783072746,2,3,21964,english,medical examination,Lagos,GEGE,Ms.,147,95,1
148,Ap #819-8703 Egestas. St.,O-,Mercy Stripes Specialist Hospital,urban,nigeria,9/9/2007,HERSON,Female,No,Yes,195,english,Single,4359518336,1,1,26635,english,medical examination,Lagos,AGRON,Ms.,148,66,1
149,"Ap #117-3802 A, Av.",AB+,National Orthopaedic Hospital,rural,nigeria,3/22/2005,SHAVAUGHN,Male,Yes,Yes,240,english,Single,3827305084,1,1,35843,english,medical examination,Lagos,ANSON,Mr.,149,75,1
150,Ap #130-5959 Fusce St.,AB-,Krown Hospital,rural,nigeria,12/24/1987,NERO,Male,Yes,Yes,236,english,Married,4718427917,2,1,49144,english,reserved consultation,Lagos,ANNICA,Mr.,150,86,1
151,618-3434 Sagittis Av.,O+,Ikorodu General Hospital,rural,nigeria,4/30/1983,HERU,Male,Yes,Yes,163,english,Single,6931260219,0,0,20600,english,consultation,Lagos,GRAY,Mr.,151,94,1
152,405-9892 Ultrices Rd.,A+,Badagry General Hospital,urban,nigeria,5/10/1987,SHAVON,Female,No,No,163,english,Married,5068562152,1,3,20747,english,consultation,Lagos,AFRIKAN,Mrs.,152,76,1
153,Ap #561-9293 Sociis St.,A+,Blue Cross Hospital,urban,nigeria,8/1/1985,NERY,Female,Yes,Yes,150,english,Divorced,6088792927,2,3,25430,english,medical examination,Lagos,ANNIKA,Ms.,153,92,1
154,"Ap #381-3175 Sed, Street",AB+,St. Nicholas Hospital,rural,nigeria,4/16/1995,HERY,Female,Yes,Yes,156,english,Married,7729408394,4,2,5253,english,reserved consultation,Lagos,GAYATRI,Mrs.,154,89,1
155,"Ap #230-5566 Amet, St.",O-,Mercy Stripes Specialist Hospital,rural,nigeria,3/25/1985,SHAVONNE,Female,Yes,No,142,english,Single,5429845150,0,0,9810,english,consultation,Lagos,AFRON,Ms.,155,78,1
156,"P.O. Box 967, 4885 Nunc Avenue",AB+,Lagoon Hospitals,urban,nigeria,5/16/1995,NESHA,Male,No,Yes,146,english,Married,3858239580,3,2,31279,english,consultation,Lagos,ANNISIA,Mr.,156,63,1
157,Ap #266-429 Velit St.,O-,Lagoon Hospitals,suburban,nigeria,6/29/2003,HESKY,Female,Yes,Yes,206,english,Divorced,7337910629,3,3,35618,english,consultation,Lagos,GAYLORD,Ms.,157,92,1
158,315-4283 Nam Street,A-,Adefemi Hospital,urban,nigeria,5/13/2005,SHAWANDA,Male,Yes,No,206,english,Divorced,6803651316,4,1,55779,english,consultation,Lagos,AFSER,Mr.,158,79,1
159,921-1491 Nonummy Ave,O-,Ave Maria Hospital,urban,nigeria,7/24/2010,NESRIN,Male,Yes,Yes,192,english,Married,3434504926,2,4,22160,english,medical examination,Lagos,ANN-MARIE,Mr.,159,72,1
160,Ap #299-4324 Mauris Avenue,B+,Krown Hospital,suburban,nigeria,6/20/1991,HEZEKIAH,Female,No,Yes,250,english,Divorced,7439564509,2,3,41468,english,consultation,Lagos,GAZA,Ms.,160,78,1
161,"P.O. Box 913, 6976 Magnis Rd.",B-,Mercy Stripes Specialist Hospital,urban,nigeria,11/22/2002,SHAWNA,Male,No,No,160,english,Married,3583722639,2,2,43032,english,medical examination,Lagos,AFSHIN,Mr.,161,62,1
162,6676 Tristique Street,AB-,Creek Hospital,suburban,nigeria,9/14/1986,NESSIE,Female,No,No,159,english,Married,5263879506,1,3,51356,english,medical examination,Lagos,ANOOP,Mrs.,162,88,1
163,896-4316 Tempus Rd.,AB+,Creek Hospital,rural,nigeria,12/19/2000,HIBA,Female,Yes,No,175,english,Married,5177387764,4,3,39349,english,consultation,Lagos,GAZMIR,Mrs.,163,62,1
164,967-2326 Orci Rd.,A+,Badagry General Hospital,rural,nigeria,6/29/1998,SHAWNDA,Female,No,Yes,144,english,Married,5944160673,3,2,22907,english,consultation,Lagos,AFZAL,Mrs.,164,101,1
165,351-6015 Metus Rd.,AB-,Isolo General Hospital,rural,nigeria,2/8/1984,NET,Female,No,Yes,240,english,Divorced,4839613806,2,4,10367,english,reserved consultation,Lagos,ANOUCK,Ms.,165,77,1
166,"Ap #635-6634 Pede, Av.",AB+,Krown Hospital,urban,nigeria,7/28/2006,HIDALGO,Male,No,Yes,217,english,Married,6371027892,1,3,11907,english,reserved consultation,Lagos,GE,Mr.,166,99,1
167,1677 Enim Rd.,A+,Ikorodu General Hospital,urban,nigeria,9/8/1990,SHAWNEEN,Female,No,No,225,english,Divorced,5308859054,3,2,25085,english,reserved consultation,Lagos,AGAM,Ms.,167,63,1
168,"P.O. Box 935, 7661 Morbi Street",O-,Ifako-Ijaiye General Hospital,rural,nigeria,5/12/1997,NETFA,Male,No,Yes,207,english,Divorced,6818345057,1,4,20541,english,medical examination,Lagos,ANOWAR,Mr.,168,100,1
169,569-7960 Integer Ave,A-,First Consultant Hospital,urban,nigeria,11/3/2012,HIDEOUT,Male,No,Yes,211,english,Single,3395230466,0,0,15579,english,reserved consultation,Lagos,GEANINE,Mr.,169,68,1
170,615-5113 Cum St.,A-,Blue Cross Hospital,suburban,nigeria,4/10/1993,SHAWNETTE,Female,No,No,214,english,Single,5068062895,1,1,44200,english,medical examination,Lagos,AGATHA,Ms.,170,96,1
171,618-3434 Sagittis Av.,O+,First Consultant Hospital,urban,nigeria,4/14/1988,NEUMAN,Female,Yes,Yes,164,english,Single,6182311010,1,1,38607,english,consultation,Lagos,ANSAR,Ms.,171,74,1
172,405-9892 Ultrices Rd.,B-,Duchess International Hospital,urban,nigeria,8/11/2001,HIEU,Male,No,No,225,english,Married,3956313971,3,1,30571,english,consultation,Lagos,GEDDES,Mr.,172,78,1
173,Ap #561-9293 Sociis St.,A+,Maryiam Ville Medical Center,suburban,nigeria,11/10/1984,SHAWNTA,Male,No,No,199,english,Single,7766411251,1,0,35518,english,consultation,Lagos,AGGREY,Mr.,173,68,1
174,"Ap #381-3175 Sed, Street",A+,Ifako-Ijaiye General Hospital,urban,nigeria,5/31/2007,NEVA,Female,Yes,No,178,english,Single,6071189267,0,0,53569,english,medical examination,Lagos,ANSELM,Ms.,174,102,1
175,"Ap #230-5566 Amet, St.",O-,St. Nicholas Hospital,suburban,nigeria,10/9/1997,HIJIRI,Male,Yes,No,223,english,Divorced,4430316099,2,1,38177,english,consultation,Lagos,GEENA,Mr.,175,65,1
176,"P.O. Box 967, 4885 Nunc Avenue",B+,Isalu Hospitals,urban,nigeria,9/13/1998,SHAWNTE,Female,Yes,Yes,140,english,Single,7012186738,1,0,18096,english,consultation,Lagos,AGNE,Ms.,176,77,1
177,Ap #266-429 Velit St.,B-,Isalu Hospitals,urban,nigeria,12/9/2001,NEVENA,Female,No,Yes,172,english,Married,5851961357,4,4,27271,english,medical examination,Lagos,ANSHU,Mrs.,177,95,1
178,315-4283 Nam Street,B-,St. Nicholas Hospital,urban,nigeria,12/12/1985,HIKMET,Female,Yes,Yes,237,english,Divorced,3992487727,1,3,11426,english,medical examination,Lagos,GEETHA,Ms.,178,67,1
179,921-1491 Nonummy Ave,O-,Isolo General Hospital,rural,nigeria,9/12/1984,SHAWNTIA,Male,Yes,Yes,139,english,Married,4535529435,2,3,28343,english,consultation,Lagos,AGNÃˆS,Mr.,179,68,1
180,Ap #299-4324 Mauris Avenue,B+,Mercy Stripes Specialist Hospital,suburban,nigeria,4/7/2006,NEVILLE,Male,Yes,Yes,227,english,Married,7173226381,4,4,26135,english,medical examination,Lagos,ANSIL,Mr.,180,98,1
181,"P.O. Box 913, 6976 Magnis Rd.",B-,Reddington Hospital,suburban,nigeria,9/4/1992,HILARIE,Female,No,No,138,english,Divorced,3345685760,3,2,47554,english,medical examination,Lagos,GEGE,Ms.,181,88,1
182,6676 Tristique Street,O+,Krown Hospital,suburban,nigeria,3/30/1998,SHAYA,Male,Yes,No,156,english,Divorced,4549067917,3,1,7618,english,consultation,Lagos,AGRON,Mr.,182,75,1
183,896-4316 Tempus Rd.,B+,Duchess International Hospital,urban,nigeria,8/19/2007,NEW,Male,No,No,178,english,Single,4551248434,1,1,5693,english,consultation,Lagos,ANSON,Mr.,183,76,1
184,967-2326 Orci Rd.,B+,Ave Maria Hospital,suburban,nigeria,1/22/1994,HILDA,Male,No,Yes,231,english,Divorced,5615388206,1,2,45760,english,reserved consultation,Lagos,GELISA,Mr.,184,61,1
185,351-6015 Metus Rd.,AB-,Creek Hospital,urban,nigeria,11/12/1983,SHAYLA,Male,Yes,Yes,254,english,Single,7775022428,0,0,30809,english,reserved consultation,Lagos,AGUSTINA,Mr.,185,81,1
186,"Ap #635-6634 Pede, Av.",AB-,Ifako-Ijaiye General Hospital,suburban,nigeria,1/25/2003,NEWMONEY,Male,Yes,Yes,237,english,Married,4198440818,4,3,57809,english,consultation,Lagos,ANTARES,Mr.,186,85,1
187,1677 Enim Rd.,AB-,Duchess International Hospital,urban,nigeria,4/9/2008,HILDY,Male,No,No,208,english,Single,6298854040,1,1,9015,english,consultation,Lagos,GEM,Mr.,187,81,1
188,"P.O. Box 935, 7661 Morbi Street",A-,Duchess International Hospital,rural,nigeria,7/5/1989,SENEL,Male,Yes,Yes,226,english,Married,3736442894,4,2,55176,english,medical examination,Lagos,AGYEI,Mr.,188,64,1
189,569-7960 Integer Ave,AB+,First Consultant Hospital,urban,nigeria,3/7/2004,ANNELISE,Female,No,Yes,247,english,Divorced,3403693568,1,4,6876,english,consultation,Lagos,ANTE,Ms.,189,88,1
190,615-5113 Cum St.,B+,Ave Maria Hospital,rural,nigeria,3/20/2007,GATA,Male,No,Yes,250,english,Married,6885492506,1,1,44075,english,consultation,Lagos,GEMMA,Mr.,190,66,1
191,618-3434 Sagittis Av.,B-,Ifako-Ijaiye General Hospital,suburban,nigeria,9/1/1983,AEISHA,Female,No,Yes,191,english,Single,5330924831,1,1,32434,english,consultation,Lagos,AHAD,Ms.,191,102,1
192,405-9892 Ultrices Rd.,A+,Creek Hospital,urban,nigeria,3/12/1982,ANNEMARIE,Male,No,No,162,english,Divorced,7121333525,4,4,41875,english,consultation,Lagos,ANTHE,Mr.,192,64,1
193,Ap #561-9293 Sociis St.,B-,Mercy Stripes Specialist Hospital,rural,nigeria,11/19/1986,GATO,Female,Yes,No,236,english,Married,3941293317,4,1,12235,english,consultation,Lagos,SHASHA,Mrs.,193,82,1
194,"Ap #381-3175 Sed, Street",O-,Ifako-Ijaiye General Hospital,urban,nigeria,11/21/2002,AESHA,Male,Yes,No,158,english,Single,7476905243,1,0,36077,english,consultation,Lagos,NEKIA,Mr.,194,70,1
195,"Ap #230-5566 Amet, St.",A-,Ifako-Ijaiye General Hospital,suburban,nigeria,8/19/2012,ANNEMIEKE,Female,No,Yes,223,english,Single,5625106100,1,1,40323,english,consultation,Lagos,HENNESSEY,Ms.,195,99,1
196,"P.O. Box 967, 4885 Nunc Avenue",B+,First Consultant Hospital,rural,nigeria,11/13/1985,GAURAV,Female,Yes,Yes,145,english,Divorced,3688868941,4,4,56136,english,medical examination,Lagos,SHASHWAT,Ms.,196,97,1
197,Ap #208-168 Lorem. Rd.,O+,Badagry General Hospital,suburban,nigeria,2/24/1987,AFEISHA,Female,No,No,143,english,Divorced,4280305108,2,3,5676,english,consultation,Lagos,NEKO,Ms.,197,102,1
198,"P.O. Box 181, 833 Pede. Ave",A+,Duchess International Hospital,suburban,nigeria,3/7/2002,ANNE-SOPHIE,Female,Yes,Yes,210,english,Married,7058996718,2,4,26830,english,consultation,Lagos,HENNY,Mrs.,198,62,1
199,Ap #131-8580 Morbi Avenue,O-,Mercy Stripes Specialist Hospital,suburban,nigeria,4/25/1998,GAUTHAM,Female,No,Yes,151,english,Divorced,7189750964,2,2,12156,english,reserved consultation,Lagos,SHATARA,Ms.,199,80,1
200,"P.O. Box 564, 3418 Hendrerit Road",O-,Mercy Stripes Specialist Hospital,rural,nigeria,9/9/1984,AFIA,Female,No,No,234,english,Divorced,5410806271,2,2,20862,english,consultation,Lagos,NELANI,Ms.,200,99,1
201,Ap #563-7565 Eu Rd.,AB-,Isolo General Hospital,suburban,nigeria,12/30/1988,ANNETTE,Male,Yes,No,189,english,Single,3982336139,1,1,27922,english,consultation,Lagos,HENRIETTA,Mr.,201,82,1
202,Ap #600-9268 Aliquam St.,A+,Ave Maria Hospital,urban,nigeria,7/4/2009,GAVO,Male,No,Yes,214,english,Married,3264854442,3,2,15527,english,medical examination,Lagos,SHATEEK,Mr.,202,68,1
203,Ap #592-270 Commodo St.,A+,Ave Maria Hospital,rural,nigeria,7/31/1999,AFONSO,Female,Yes,Yes,227,english,Married,7068639799,3,3,20488,english,consultation,Lagos,NELI,Mrs.,203,101,1
204,"Ap #998-3606 Placerat, Avenue",B+,Duchess International Hospital,rural,nigeria,11/7/2009,ANNICA,Female,Yes,No,142,english,Divorced,3292093750,3,3,31686,english,consultation,Lagos,HENRIQUE,Ms.,204,92,1
205,Ap #382-1771 Dictum Road,A-,Blue Cross Hospital,rural,nigeria,11/23/1988,GAY,Female,Yes,No,225,english,Single,7217462252,1,0,26885,english,reserved consultation,Lagos,SHATERA,Ms.,205,100,1
206,644-2340 Mauris Street,B+,Badagry General Hospital,urban,nigeria,5/13/2009,AFRIKAN,Female,No,Yes,186,english,Divorced,4663179300,3,4,35597,english,consultation,Lagos,NELINI,Ms.,206,61,1
207,Ap #833-7887 Pede. St.,AB-,Blue Cross Hospital,rural,nigeria,5/8/1996,ANNIKA,Female,No,No,242,english,Married,6479630846,3,4,15218,english,consultation,Lagos,HENY,Mrs.,207,61,1
208,997-4237 Ullamcorper. Rd.,O-,Isalu Hospitals,suburban,nigeria,9/24/1984,GAYATRI,Male,No,No,192,english,Divorced,4982123153,1,2,47802,english,consultation,Lagos,SHATIK,Mr.,208,76,1
209,Ap #819-8703 Egestas. St.,A+,Isolo General Hospital,rural,nigeria,6/3/2008,AFRON,Male,No,Yes,227,english,Single,5150412693,0,0,28184,english,medical examination,Lagos,NELL,Mr.,209,94,1
210,"Ap #117-3802 A, Av.",O-,Isolo General Hospital,rural,nigeria,2/19/2001,ANNISIA,Female,Yes,No,186,english,Single,5692639782,0,1,8508,english,medical examination,Lagos,HERA,Ms.,210,89,1
211,Ap #130-5959 Fusce St.,A+,Adefemi Hospital,rural,nigeria,10/31/1992,GAYLORD,Female,Yes,No,259,english,Single,6115378557,0,0,11669,english,consultation,Lagos,SHATISHA,Ms.,211,63,1
212,Ap #266-429 Velit St.,AB-,Blue Cross Hospital,rural,nigeria,8/30/2002,AFSER,Female,Yes,No,209,english,Single,4127851297,1,1,50304,english,consultation,Lagos,NELLI,Ms.,212,75,1
213,315-4283 Nam Street,AB-,National Orthopaedic Hospital,rural,nigeria,9/14/1988,ANN-MARIE,Male,Yes,Yes,250,english,Married,7512783155,2,4,50542,english,consultation,Lagos,HERARD,Mr.,213,100,1
214,921-1491 Nonummy Ave,AB-,Lagoon Hospitals,urban,nigeria,10/20/1982,GAZA,Male,No,No,135,english,Divorced,7493277947,4,2,13580,english,reserved consultation,Lagos,SHAUGHN,Mr.,214,77,1
215,Ap #299-4324 Mauris Avenue,B-,Krown Hospital,rural,nigeria,10/30/2003,AFSHIN,Male,No,Yes,151,english,Single,5148153592,0,1,46683,english,reserved consultation,Lagos,NELLY,Mr.,215,78,1
216,"P.O. Box 913, 6976 Magnis Rd.",O+,Reddington Hospital,urban,nigeria,7/20/1988,ANOOP,Female,No,Yes,243,english,Divorced,4665561435,2,4,28193,english,consultation,Lagos,HERBIE,Ms.,216,71,1
217,6676 Tristique Street,AB+,Adefemi Hospital,urban,nigeria,11/15/1989,GAZMIR,Male,No,Yes,183,english,Single,4982588358,0,1,50114,english,medical examination,Lagos,SHAUNA,Mr.,217,61,1
218,896-4316 Tempus Rd.,AB-,Krown Hospital,urban,nigeria,7/21/1988,AFZAL,Female,No,No,231,english,Divorced,7103627539,2,3,14678,english,medical examination,Lagos,NELSI,Ms.,218,70,1
219,967-2326 Orci Rd.,O-,Ifako-Ijaiye General Hospital,urban,nigeria,6/5/1987,ANOUCK,Male,No,No,169,english,Divorced,4059161823,2,4,35498,english,consultation,Lagos,HERI,Mr.,219,102,1
220,351-6015 Metus Rd.,AB-,Ave Maria Hospital,rural,nigeria,1/27/2008,GE,Female,No,No,232,english,Divorced,3887659440,3,4,35179,english,reserved consultation,Lagos,SHAUNDA,Ms.,220,73,1
221,"Ap #635-6634 Pede, Av.",AB-,Krown Hospital,rural,nigeria,3/8/2010,AGAM,Male,No,Yes,230,english,Married,3499962523,1,4,39681,english,medical examination,Lagos,NELSY,Mr.,221,91,1
222,1677 Enim Rd.,A+,Ikorodu General Hospital,urban,nigeria,10/8/1984,ANOWAR,Female,No,Yes,250,english,Single,7498209197,1,1,11613,english,medical examination,Lagos,HERMAN,Ms.,222,88,1
223,"P.O. Box 935, 7661 Morbi Street",AB+,Isalu Hospitals,rural,nigeria,10/11/1994,GEANINE,Female,No,No,181,english,Single,3747204730,0,1,11384,english,medical examination,Lagos,SHAUNDRA,Ms.,223,78,1
224,569-7960 Integer Ave,B-,St. Nicholas Hospital,suburban,nigeria,2/15/1993,AGATHA,Male,No,No,168,english,Divorced,6646498417,3,2,18590,english,reserved consultation,Lagos,NEMA,Mr.,224,76,1
225,615-5113 Cum St.,O-,First Consultant Hospital,urban,nigeria,8/12/2011,ANSAR,Male,No,No,162,english,Married,4242103188,1,1,17452,english,medical examination,Lagos,HERMES,Mr.,225,96,1
226,618-3434 Sagittis Av.,B-,Badagry General Hospital,rural,nigeria,7/23/2007,GEDDES,Male,Yes,Yes,209,english,Married,5521083345,2,4,7493,english,medical examination,Lagos,SHAUNELL,Mr.,226,74,1
227,405-9892 Ultrices Rd.,A+,Creek Hospital,urban,nigeria,1/3/1988,AGGREY,Female,Yes,No,205,english,Married,3360003786,4,2,45965,english,medical examination,Lagos,NENA,Mrs.,227,81,1
228,Ap #561-9293 Sociis St.,B+,Isolo General Hospital,rural,nigeria,6/3/2007,ANSELM,Female,Yes,Yes,134,english,Married,6023164075,3,3,34326,english,consultation,Lagos,HERMINIO,Mrs.,228,61,1
229,"Ap #381-3175 Sed, Street",B+,Duchess International Hospital,rural,nigeria,5/11/1990,GEENA,Male,Yes,Yes,159,english,Married,6757491984,2,4,56086,english,consultation,Lagos,SHAUNETTE,Mr.,229,89,1
230,"Ap #230-5566 Amet, St.",AB+,Blue Cross Hospital,suburban,nigeria,10/15/1987,AGNE,Male,No,Yes,219,english,Divorced,4905698782,1,2,22604,english,consultation,Lagos,NENETTE,Mr.,230,98,1
231,"P.O. Box 967, 4885 Nunc Avenue",A-,First Consultant Hospital,suburban,nigeria,6/4/1994,ANSHU,Male,Yes,Yes,133,english,Single,7600188680,0,0,29141,english,reserved consultation,Lagos,HERNANDEZ,Mr.,231,90,1
232,Ap #266-429 Velit St.,AB-,National Orthopaedic Hospital,rural,nigeria,2/21/1988,ADONAI,Female,No,Yes,187,english,Divorced,4426759961,4,1,35020,english,consultation,Lagos,SHAUNTA,Ms.,232,97,1
233,315-4283 Nam Street,AB+,Mercy Stripes Specialist Hospital,rural,nigeria,7/12/2008,ANKUR,Female,Yes,Yes,213,english,Single,7242992294,0,1,41492,english,consultation,Lagos,NEO,Ms.,233,101,1
234,921-1491 Nonummy Ave,AB-,First Consultant Hospital,urban,nigeria,12/5/2005,GARDENIA,Male,Yes,Yes,231,english,Divorced,5438821723,2,3,38042,english,medical examination,Lagos,HERO,Mr.,234,65,1
235,Ap #299-4324 Mauris Avenue,O-,Badagry General Hospital,rural,nigeria,10/14/1996,ADONIJAH,Female,No,Yes,147,english,Single,3376536722,0,0,37197,english,medical examination,Lagos,SHAUNTE,Ms.,235,94,1
236,"P.O. Box 913, 6976 Magnis Rd.",O+,Ave Maria Hospital,suburban,nigeria,4/7/2009,ANN,Female,Yes,No,257,english,Divorced,5182989958,3,3,5814,english,consultation,Lagos,NEPHI,Ms.,236,69,1
237,6676 Tristique Street,B+,Duchess International Hospital,rural,nigeria,5/19/1984,GARDY,Male,No,No,241,english,Married,4975222389,3,1,36460,english,consultation,Lagos,HERRY,Mr.,237,82,1
238,896-4316 Tempus Rd.,AB+,Mercy Stripes Specialist Hospital,rural,nigeria,5/27/2008,ADORA,Male,Yes,No,225,english,Divorced,5891512815,1,2,28532,english,reserved consultation,Lagos,SHAUNTELL,Mr.,238,89,1
239,967-2326 Orci Rd.,A-,Isalu Hospitals,suburban,nigeria,10/13/1984,ANNABELLA,Male,Yes,No,140,english,Married,7814319322,1,1,9702,english,consultation,Lagos,NEREYDA,Mr.,239,63,1
240,351-6015 Metus Rd.,A-,Ikorodu General Hospital,urban,nigeria,2/7/2008,GARETH,Female,Yes,Yes,247,english,Divorced,4237888042,1,2,5511,english,medical examination,Lagos,HERSHEL,Ms.,240,74,1
241,"Ap #635-6634 Pede, Av.",AB-,Badagry General Hospital,suburban,nigeria,4/18/2012,ADREAN,Male,No,No,147,english,Single,7476006006,1,1,26021,english,consultation,Lagos,SHAVA,Mr.,241,100,1
242,1677 Enim Rd.,A+,Maryiam Ville Medical Center,rural,nigeria,9/3/2001,ANNA-KAY,Male,No,No,159,english,Single,4665337146,1,0,9662,english,consultation,Lagos,NERISSA,Mr.,242,80,1
243,"P.O. Box 935, 7661 Morbi Street",AB+,Lagoon Hospitals,rural,nigeria,8/1/2006,GARGI,Male,Yes,Yes,181,english,Divorced,3936071044,2,1,42284,english,reserved consultation,Lagos,HERSON,Mr.,243,63,1
244,569-7960 Integer Ave,B+,Adefemi Hospital,urban,nigeria,8/15/2002,ADRI,Male,No,Yes,138,english,Divorced,4737522540,2,4,19627,english,reserved consultation,Lagos,SHAVAUGHN,Mr.,244,82,1
245,615-5113 Cum St.,A+,Isalu Hospitals,rural,nigeria,2/26/2001,ANNA-LENA,Male,Yes,No,235,english,Single,3404462615,0,1,22112,english,reserved consultation,Lagos,NERO,Mr.,245,96,1
246,618-3434 Sagittis Av.,AB-,Blue Cross Hospital,urban,nigeria,9/10/1990,GARNER,Male,Yes,Yes,131,english,Single,4096313491,1,0,43345,english,consultation,Lagos,HERU,Mr.,246,82,1
247,405-9892 Ultrices Rd.,AB+,Ave Maria Hospital,rural,nigeria,10/5/2011,ADONAI,Female,No,Yes,163,english,Married,3796725654,2,1,14664,english,medical examination,Lagos,SHAVON,Mrs.,247,92,1
248,Ap #561-9293 Sociis St.,AB+,Ave Maria Hospital,rural,nigeria,5/21/1995,ANKUR,Female,No,No,141,english,Divorced,5452953729,4,3,16180,english,consultation,Lagos,NERY,Ms.,248,100,1
249,"Ap #381-3175 Sed, Street",A-,First Consultant Hospital,suburban,nigeria,11/20/1997,GARDENIA,Female,Yes,Yes,174,english,Married,6032209818,3,4,23475,english,consultation,Lagos,HERY,Mrs.,249,60,1
250,"Ap #230-5566 Amet, St.",O-,Duchess International Hospital,urban,nigeria,2/17/2009,ADONIJAH,Male,Yes,Yes,223,english,Single,6619490508,1,0,17870,english,consultation,Lagos,SHAVONNE,Mr.,250,82,1
